{
  "manifest": {
    "publishingInformation": {
      "locales": {
        "en-US": {
          "summary": "The radio song recommender skill will take note of song recommendations alexa users inform them.",
          "examplePhrases": [
            "Alexa open hello world",
            "hello",
            "help"
          ],
          "keywords": [
            "radio",
            "music",
            "song",
            "suggestions"
          ],
          "name": "radio song recommender",
          "description": "Having the list of song recommendations will help radio stations know what music is popular in the area.",
          "smallIconUri": "file://assets/images/en-US_smallIconUri.png",
          "largeIconUri": "file://assets/images/en-US_largeIconUri.png"
        }
      },
      "automaticDistribution": {
        "sourceLocaleForLanguages": [
          {
            "sourceLocale": "en-US",
            "language": "en"
          }
        ],
        "isActive": true
      },
      "isAvailableWorldwide": true,
      "testingInstructions": "Sample Testing Instructions.\n1) \"open radio song recommender\" \n2) \"hello\"\n3) \"play [name of song] [name of artist]\"",
      "category": "CHILDRENS_MUSIC",
      "distributionMode": "PUBLIC",
      "distributionCountries": []
    },
    "apis": {
      "custom": {
        "endpoint": {
          "uri": "arn:aws:lambda:us-east-1:948336476834:function:a502d853-8f73-4b24-8287-88b2343ef0c8:Release_0"
        },
        "regions": {
          "EU": {
            "endpoint": {
              "uri": "arn:aws:lambda:eu-west-1:948336476834:function:a502d853-8f73-4b24-8287-88b2343ef0c8:Release_0"
            }
          },
          "NA": {
            "endpoint": {
              "uri": "arn:aws:lambda:us-east-1:948336476834:function:a502d853-8f73-4b24-8287-88b2343ef0c8:Release_0"
            }
          },
          "FE": {
            "endpoint": {
              "uri": "arn:aws:lambda:us-west-2:948336476834:function:a502d853-8f73-4b24-8287-88b2343ef0c8:Release_0"
            }
          }
        }
      }
    },
    "manifestVersion": "1.0",
    "privacyAndCompliance": {
      "allowsPurchases": false,
      "locales": {
        "en-US": {}
      },
      "containsAds": false,
      "isExportCompliant": true,
      "isChildDirected": false,
      "usesPersonalInfo": false
    }
  }
}